{
    "head_intermediate_size": 512,
    "head_second_layer_size": 32,
    "head_dropout_rate": 0.07474633936699329,
    "lr": 0.00027366704256733947,
    "weight_decay": 0.03233309573201463,
    "lora_r": 16,
    "lora_alpha": 32
}